Feature,Total,Missing,Missing_Percent,Unique_Values,Mean,Std,Min,Max
Angular_Mean,422,2,0.47393364928909953,420,73.72387486823662,10.958398830118277,32.142798706192615,103.5483062326374
Angular_Variance,422,2,0.47393364928909953,420,2315.460021286946,474.9429602491893,649.6014197238419,3992.327631916809
GLCM_Entropy,422,1,0.23696682464454977,421,5.08754890334217,1.2506405491046517,1.2315459846192265,7.70246825644033
GLCM_Homogeneity,422,1,0.23696682464454977,421,0.6003555539230644,0.12862374407374097,0.2772290526820685,0.9383815816559063
LBP_Entropy,422,1,0.23696682464454977,421,6.487001481960199,0.4387585670579157,4.452535929450782,7.038961263743513
LBP_Mean,422,1,0.23696682464454977,421,125.6343721936024,7.211917146080892,99.32466124661246,168.22268041237112
LBP_Variance,422,1,0.23696682464454977,421,7857.26622912215,497.9915015841804,5523.913905325444,8873.945595080431
Spectral_Entropy,422,2,0.47393364928909953,420,6.301962754842363,1.0055483098300686,3.233417513646193,9.655477100402509
Statistical_Entropy,422,1,0.23696682464454977,421,6.153784099582396,0.9442973061252329,3.546168410024116,7.766371714446751
