Patient_ID,Status,Tumor_Voxels,Tumor_Slices,LBP_Pixels,LBP_Mean,LBP_Variance,LBP_Uniformity,LBP_Entropy,Validation,Error
LUNG1-001,SUCCESS,54639,21,54639,131.2854554439137,7559.807294266757,0.016885077335815454,6.594030581814567,PASS,
LUNG1-002,SUCCESS,125531,26,125531,129.10462754220072,8178.220533747526,0.01647220259753349,6.946282223016565,PASS,
LUNG1-003,SUCCESS,12159,17,12159,129.9473640924418,8125.007509911929,0.015823773875444168,6.796934491247148,PASS,
LUNG1-004,SUCCESS,29521,36,29521,133.92459605026932,8689.126592961211,0.015924396036371483,6.875894177117011,PASS,
LUNG1-005,SUCCESS,29176,24,29176,125.66993419248698,8168.319011045847,0.015814743426410025,6.926545247930987,PASS,
LUNG1-006,SUCCESS,27358,23,27358,133.62318151911688,7821.426141467965,0.016099013119955437,6.649291686203519,PASS,
LUNG1-007,SUCCESS,4367,10,4367,115.73849324479048,8307.590876868686,0.0266873944617313,5.950476536706209,PASS,
LUNG1-008,SUCCESS,14272,15,14272,123.08281950672645,7890.226745189395,0.015947185699616923,6.851759427995502,PASS,
LUNG1-009,SUCCESS,34445,22,34445,123.87797938742925,8166.384675493261,0.01534310242454637,6.960697858455107,PASS,
LUNG1-010,SUCCESS,5634,13,5634,125.55324813631523,8318.84815860119,0.01623560942495163,6.875534977452817,PASS,
LUNG1-011,SUCCESS,27882,14,27882,125.38957033211392,8222.29949383303,0.014776416856838873,6.828967949638013,PASS,
LUNG1-012,SUCCESS,90600,29,90600,129.87514348785874,8256.478009085373,0.014687472284354002,6.980798637343666,PASS,
LUNG1-013,SUCCESS,5088,8,5088,132.69791666666666,8465.366096288653,0.015771478580752344,6.876088526123197,PASS,
LUNG1-014,SUCCESS,3468,11,3468,121.34025374855824,7554.245819082094,0.01896379353695478,6.331273326623734,PASS,
LUNG1-015,SUCCESS,1636,5,1636,118.65342298288508,7334.121326913995,0.02157895995361099,6.168769866981366,PASS,
LUNG1-016,SUCCESS,39731,22,39731,129.34562432357606,8212.879813918316,0.016803002330057014,6.92683686364267,PASS,
LUNG1-017,SUCCESS,78563,43,78563,123.99457760014256,8102.585589782182,0.016263031329327805,6.914042418146529,PASS,
LUNG1-018,SUCCESS,51102,24,51102,132.02739618801613,8408.231295161379,0.016361123663312688,6.940097165490494,PASS,
LUNG1-019,SUCCESS,56796,13,56796,131.6084935558842,8581.214178158825,0.01779895592416827,6.9917634956071755,PASS,
LUNG1-020,SUCCESS,30846,19,30846,127.18747973805355,8151.634922021488,0.015504565962038697,6.733731954608356,PASS,
LUNG1-021,SUCCESS,75764,29,75764,130.46490417612588,7658.938488994831,0.01685040812672975,6.718722872655738,PASS,
LUNG1-022,SUCCESS,38555,27,38555,129.6821942679289,7909.124391813381,0.016153363226723602,6.659757599141428,PASS,
LUNG1-023,SUCCESS,230950,36,230950,129.78942628274518,8612.08607654896,0.019456722806075848,6.9882644339261315,PASS,
LUNG1-024,SUCCESS,7708,13,7708,120.79644525168655,7830.223874234547,0.017406079558261605,6.638793857103896,PASS,
LUNG1-025,SUCCESS,36781,24,36781,128.7719202849297,7256.016792345783,0.01998243237518858,6.575077053563671,PASS,
LUNG1-026,SUCCESS,65719,48,65719,123.84532631354708,8177.772101553237,0.014851096236037004,6.880433129128567,PASS,
LUNG1-027,SUCCESS,290,3,290,141.15862068965515,8834.609322235434,0.08932223543400714,4.452535929450782,PASS,
LUNG1-028,SUCCESS,9056,14,9056,127.79041519434627,7369.359563608532,0.02120521778895978,6.295240662734792,PASS,
LUNG1-029,SUCCESS,16251,15,16251,130.94363423789306,7787.611615836681,0.016603983352187723,6.571697431039538,PASS,
LUNG1-030,SUCCESS,27916,27,27916,124.18372976071072,8087.236876703586,0.01617449322564956,6.706819116499814,PASS,
LUNG1-031,SUCCESS,15802,18,15802,119.94779141880774,8091.5446100443305,0.015291513840567301,6.830709380640082,PASS,
LUNG1-032,SUCCESS,31792,27,31792,127.2778686462003,8061.244945532822,0.015045362245765064,6.748196037513087,PASS,
LUNG1-033,SUCCESS,54867,30,54867,119.785627061804,8016.6609901306965,0.017018244257110366,6.703143877266969,PASS,
LUNG1-034,SUCCESS,35827,23,35827,131.34264660730733,8086.667587859678,0.014729499075078208,6.801481763606535,PASS,
LUNG1-035,SUCCESS,40435,20,40435,128.60877952269075,7828.580543669332,0.016047615848966832,6.735977507176625,PASS,
LUNG1-036,SUCCESS,15550,15,15550,132.1956270096463,8232.579350651875,0.015341098623876923,6.918645967764142,PASS,
LUNG1-037,SUCCESS,2520,9,2520,122.19642857142856,7756.526892006803,0.02016439909297052,6.21714731914215,PASS,
LUNG1-038,SUCCESS,41837,26,41837,130.4269904629873,8504.378522417219,0.015576006714862523,6.84661633901924,PASS,
LUNG1-039,SUCCESS,2149,9,2149,121.45881805490927,7678.265056025062,0.02166319742254614,6.189754738687956,PASS,
LUNG1-040,SUCCESS,95686,22,95686,127.49452375478126,8057.421949192647,0.01785435689019358,6.904968390294217,PASS,
LUNG1-041,SUCCESS,18371,15,18371,126.64792335746557,8415.389187756577,0.01744861023914818,7.007381558200101,PASS,
LUNG1-042,SUCCESS,60230,28,60230,126.68879296031876,8308.046434256155,0.017457039508934274,6.9809319174146705,PASS,
LUNG1-043,SUCCESS,79148,44,79148,129.39510789912572,8062.801311287443,0.015203241849189088,6.799632521912475,PASS,
LUNG1-044,SUCCESS,42230,27,42230,133.12642671086905,7974.80644110326,0.015833754118389935,6.688420615943974,PASS,
LUNG1-045,SUCCESS,7113,16,7113,108.09953606073387,7459.424086667932,0.024483973827412873,6.4161689150415615,PASS,
LUNG1-046,SUCCESS,43298,23,43298,126.31952977042819,8101.298127064209,0.014737380035774194,6.826416597319499,PASS,
LUNG1-047,SUCCESS,17373,27,17373,121.15673746618315,8095.663627691222,0.015555461658882072,6.833678415298088,PASS,
LUNG1-048,SUCCESS,17789,19,17789,131.98695823261565,7348.532855939624,0.018499106842088858,6.589803486457808,PASS,
LUNG1-049,SUCCESS,927,4,927,124.5631067961165,7774.064787758822,0.019953940807304303,6.135455677142065,PASS,
LUNG1-050,SUCCESS,2105,4,2105,125.98954869358668,6413.8583230742315,0.03523044893675842,6.021597674343399,PASS,
LUNG1-051,SUCCESS,31530,17,31530,127.69765302886141,8290.426981488237,0.01633322198090834,6.910853035952344,PASS,
LUNG1-052,SUCCESS,41810,22,41810,132.58385553695288,8101.404030195825,0.015638149849425895,6.766931763612473,PASS,
LUNG1-053,SUCCESS,28175,19,28175,122.95336291038154,8021.68314885055,0.019003868740891675,6.854398173562554,PASS,
LUNG1-054,SUCCESS,21342,15,21342,122.58363789710431,7758.921760207744,0.016860709024054846,6.770419451521066,PASS,
LUNG1-055,SUCCESS,15856,18,15856,122.98202573158427,8016.834376723858,0.016268658720614695,6.901275723868424,PASS,
LUNG1-056,SUCCESS,45725,30,45725,132.89607435757245,8486.395585464126,0.01970506854364155,7.038961263743513,PASS,
LUNG1-057,SUCCESS,23301,22,23301,131.08669155830222,8585.566236773197,0.01917835154384812,6.90056925705969,PASS,
LUNG1-058,SUCCESS,42870,24,42870,126.25439701422908,7660.383334410144,0.01688960973631556,6.4959992795861154,PASS,
LUNG1-059,SUCCESS,13287,16,13287,118.94498381877023,8209.699163330437,0.017880417358426198,6.572184093309399,PASS,
LUNG1-060,SUCCESS,68855,24,68855,133.8310652821146,8759.456814339721,0.02056213336901067,7.001306593171364,PASS,
LUNG1-061,SUCCESS,2247,7,2247,109.90253671562083,6535.618004245981,0.026111460684661088,5.874275268716235,PASS,
LUNG1-062,SUCCESS,1208,8,1208,115.56953642384106,7826.67397263278,0.019172678829875882,6.3153301289210795,PASS,
LUNG1-063,SUCCESS,4001,12,4001,131.88552861784552,8338.405291703819,0.016918727079040036,6.948195337311944,PASS,
LUNG1-064,SUCCESS,6543,10,6543,124.19899128839982,7852.640518621809,0.016974178671392386,6.621315915952155,PASS,
LUNG1-065,SUCCESS,92381,43,92381,130.8076011301025,8619.761729170354,0.017604933036943937,6.978432595992491,PASS,
LUNG1-066,SUCCESS,6651,14,6651,120.41978649827094,7679.190491068535,0.019515844191450266,6.477415193477068,PASS,
LUNG1-067,SUCCESS,11078,14,11078,124.11518324607329,7623.1743118052,0.0166977444744175,6.743029920349479,PASS,
LUNG1-068,SUCCESS,27244,20,27244,127.96615768609601,7527.217398230311,0.01694818610786644,6.517366604081564,PASS,
LUNG1-069,SUCCESS,108367,51,108367,125.74686943442188,8307.02733650886,0.015299237415348275,6.931932314595754,PASS,
LUNG1-070,SUCCESS,8030,13,8030,129.45803237858033,8149.109758021368,0.016234450821871284,6.757587950238593,PASS,
LUNG1-071,SUCCESS,11732,17,11732,118.97792362768496,8144.031987915067,0.01603428379856109,6.81725086440378,PASS,
LUNG1-072,SUCCESS,28379,38,28379,132.1783713309137,8452.007790419779,0.017168391547035103,6.89451486317267,PASS,
LUNG1-073,SUCCESS,31235,19,31235,122.82487594045142,8272.313944978207,0.015697979723720244,6.9096093487145875,PASS,
LUNG1-074,SUCCESS,42586,42,42586,118.771121964965,8006.863667068814,0.015367561228477225,6.867048691327888,PASS,
LUNG1-075,SUCCESS,27875,34,27875,127.87372197309418,8275.58678031732,0.014836403064610187,6.79055439581701,PASS,
LUNG1-076,SUCCESS,1507,7,1507,149.0517584605176,7127.844699960238,0.026917516971232236,5.997554026799749,PASS,
LUNG1-077,SUCCESS,18990,18,18990,116.5588730911006,8077.582921531551,0.0164650278783684,6.878661734805117,PASS,
LUNG1-078,SUCCESS,3855,9,3855,123.08767833981842,7904.627850770724,0.019425106949217834,6.413626091967219,PASS,
LUNG1-079,SUCCESS,15035,18,15035,121.95563684735616,8297.981337530908,0.016262955442953253,6.955112009773491,PASS,
LUNG1-080,SUCCESS,1745,8,1745,126.29283667621776,7178.443186509142,0.026315383289135554,5.793422615339974,PASS,
LUNG1-081,SUCCESS,2502,8,2502,121.73940847322142,7883.953674789985,0.017875068450435495,6.5130073754711635,PASS,
LUNG1-082,SUCCESS,2072,6,2072,108.45511583011583,7772.1755915889,0.020073213726688632,6.358958706305609,PASS,
LUNG1-083,SUCCESS,4104,8,4104,123.49171539961013,7331.300613626605,0.020054009970779232,6.342309626777913,PASS,
LUNG1-084,SUCCESS,3867,13,3867,127.74476338246703,7787.882358794543,0.019879576203570906,6.314650834834829,PASS,
LUNG1-085,SUCCESS,5236,11,5236,131.43659281894574,7867.656598322363,0.017285864272787384,6.648376380530006,PASS,
LUNG1-086,SUCCESS,325,4,325,104.12615384615385,6839.4148544378695,0.031952662721893496,5.330334304035213,PASS,
LUNG1-087,SUCCESS,1308,7,1308,120.14143730886852,7462.2559893714515,0.0246658998026728,5.9082800822145085,PASS,
LUNG1-088,SUCCESS,7328,16,7328,124.17126091703058,7915.611090003975,0.01847027343824488,6.453394189848369,PASS,
LUNG1-089,SUCCESS,334,4,334,115.80239520958085,6798.9130481551865,0.03160744379504464,5.435521253538487,PASS,
LUNG1-090,SUCCESS,2266,9,2266,112.68181818181819,7750.081902431197,0.02368681199262438,6.178431911062789,PASS,
LUNG1-091,SUCCESS,146739,38,146739,130.7054498122517,8419.036145481332,0.01513929651881422,6.95248650274231,PASS,
LUNG1-092,SUCCESS,24917,22,24917,120.27314684753382,8159.641086910771,0.015211764848436754,6.9051521551032815,PASS,
LUNG1-093,SUCCESS,18953,15,18953,125.95177544452065,7987.239905173656,0.015065865248859077,6.8595305155956865,PASS,
LUNG1-094,SUCCESS,1541,7,1541,134.554834523037,7192.828433798056,0.02186441041975743,6.199315590599939,PASS,
LUNG1-095,SUCCESS,106581,55,106581,128.9111849203892,8732.510027832883,0.02166560058587022,7.000555330176667,PASS,
LUNG1-096,SUCCESS,41794,20,41794,129.73371775852993,7929.057748598714,0.01552159810606011,6.7176082771506636,PASS,
LUNG1-097,SUCCESS,120232,37,120232,128.15469259431765,8732.772388984948,0.02177510251865578,6.97517043675383,PASS,
LUNG1-098,SUCCESS,570,4,570,117.2877192982456,7271.689147429979,0.035032317636195756,5.45188212966078,PASS,
LUNG1-099,SUCCESS,21727,15,21727,119.7153771804667,7968.3491458776625,0.015864188618961536,6.867911887912786,PASS,
LUNG1-100,SUCCESS,1174,5,1174,121.824531516184,7461.1259399423625,0.02271533422913843,6.072914349743573,PASS,
LUNG1-101,SUCCESS,17634,23,17634,119.07111262334126,8003.783646635495,0.01542809215018123,6.802909240384934,PASS,
LUNG1-102,SUCCESS,3766,12,3766,115.71879978757303,7275.839407587637,0.02296168671307608,6.039013395187149,PASS,
LUNG1-103,SUCCESS,3133,11,3133,123.3306734759017,7067.118232454186,0.02326836149759838,6.0907679724402355,PASS,
LUNG1-104,SUCCESS,37862,25,37862,123.2342190058634,7076.358114887116,0.027482237071107335,6.279915510166127,PASS,
LUNG1-105,SUCCESS,110410,33,110410,126.19328865139028,8076.558138093385,0.020690385715259905,6.724117511672698,PASS,
LUNG1-106,SUCCESS,1768,7,1768,130.58257918552036,7889.739787012959,0.019266599782969226,6.44205077058325,PASS,
LUNG1-107,SUCCESS,3900,11,3900,134.39307692307693,8304.77292642998,0.01552689020381328,6.77063552649175,PASS,
LUNG1-108,SUCCESS,527,3,527,102.09487666034154,7141.607696711542,0.050196414490384506,5.073138740835053,PASS,
LUNG1-109,SUCCESS,32125,16,32125,121.46810894941635,8084.114445995911,0.0197194717860982,6.768080983210619,PASS,
LUNG1-110,SUCCESS,510,4,510,112.02156862745099,7416.4995347943095,0.035186466743560164,5.333217589853785,PASS,
LUNG1-111,SUCCESS,926,5,926,123.77753779697623,6654.6589338943595,0.030188600030788035,5.674700065343438,PASS,
LUNG1-112,SUCCESS,2829,12,2829,134.17355956168257,8163.27882016798,0.01635424948467752,6.965119109375628,PASS,
LUNG1-113,SUCCESS,17630,18,17630,123.96403857061827,7735.714532073385,0.01584245901686813,6.733649217521011,PASS,
LUNG1-114,SUCCESS,989,4,989,120.90798786653185,7260.376771381047,0.020769414009105213,6.105498128516061,PASS,
LUNG1-115,SUCCESS,81073,30,81073,126.02339866540031,8035.954616367122,0.01845861713576919,6.832114874836819,PASS,
LUNG1-116,SUCCESS,65461,27,65461,130.0987610943921,8170.066031828489,0.020034071814247597,6.826252485978371,PASS,
LUNG1-117,SUCCESS,13364,23,13364,128.4977551631248,8873.945595080431,0.019466977672395094,6.984449429957888,PASS,
LUNG1-118,SUCCESS,2189,7,2189,121.37322978529009,7879.789890938977,0.02337260454020591,6.089855639522213,PASS,
LUNG1-119,SUCCESS,796,9,796,110.64070351758794,7965.745277897022,0.02420077775813742,5.941974581737711,PASS,
LUNG1-120,SUCCESS,13107,15,13107,126.18135347524225,8524.887764003153,0.017452859916678196,6.941048656901982,PASS,
LUNG1-121,SUCCESS,10747,17,10747,121.71285009770169,8019.139467330559,0.015289363126597273,6.830033320885449,PASS,
LUNG1-122,SUCCESS,4100,10,4100,123.57317073170732,7863.7661094586565,0.016505413444378343,6.589992430993707,PASS,
LUNG1-123,SUCCESS,26311,23,26311,121.345368857132,8286.86566961329,0.015863679329807534,6.975314073623554,PASS,
LUNG1-124,SUCCESS,10759,13,10759,140.5600892276234,7966.207538090375,0.018245408636458592,6.616977133868664,PASS,
LUNG1-125,SUCCESS,15059,19,15059,128.1135533567966,8085.876872551955,0.016640830238876123,6.6123916513537395,PASS,
LUNG1-126,SUCCESS,1700,6,1700,127.8270588235294,7712.320679584775,0.02161799307958477,6.105544081395517,PASS,
LUNG1-127,SUCCESS,4244,7,4244,126.6868520263902,7132.669374727397,0.023873033371501467,6.157153465333447,PASS,
LUNG1-128,FAILED,0,0,0,,,,,FAIL,DICOM SEG not found.
LUNG1-129,SUCCESS,8734,15,8734,120.02152507442179,8431.356990300665,0.016007523377891592,6.966401683743466,PASS,
LUNG1-130,SUCCESS,53150,54,53150,126.66314205079964,8557.391173946897,0.019864200168323205,6.926385023720993,PASS,
LUNG1-131,SUCCESS,4719,11,4719,128.76308539944904,7308.238425402964,0.018406202247154682,6.47671845847399,PASS,
LUNG1-132,SUCCESS,16304,18,16304,123.02306182531895,8312.717083461339,0.017404976147505538,6.9412385628262285,PASS,
LUNG1-133,SUCCESS,489,5,489,119.90184049079755,6922.158053872308,0.03023992037504026,5.5669151758107915,PASS,
LUNG1-134,SUCCESS,997,5,997,126.98696088264794,8294.371946330466,0.023874029309593776,6.050234169398459,PASS,
LUNG1-135,SUCCESS,2385,7,2385,130.68553459119497,7652.415157628258,0.015865230366239026,6.636583731527586,PASS,
LUNG1-136,SUCCESS,5374,11,5374,125.70022329735765,7918.982147326395,0.016435250622267215,6.667965686418351,PASS,
LUNG1-137,SUCCESS,47306,22,47306,130.13431699995772,8024.532798160534,0.015768810952190526,6.925925874103612,PASS,
LUNG1-138,SUCCESS,1121,8,1121,121.43978590544158,7247.138434922941,0.04122497992664571,5.246731184289644,PASS,
LUNG1-139,SUCCESS,2282,10,2282,113.62138475021911,7316.707658380452,0.021299949841805818,6.207837105418878,PASS,
LUNG1-140,SUCCESS,116639,37,116639,128.7976234364149,8415.7410463157,0.01881026649713925,6.879786334136263,PASS,
LUNG1-141,SUCCESS,63582,27,63582,128.1102198735491,8432.39664652144,0.018600057025074695,6.884334017899653,PASS,
LUNG1-142,SUCCESS,77820,26,77820,131.89009252120277,8327.557683903031,0.017430896253411765,6.838637503155516,PASS,
LUNG1-143,SUCCESS,36084,25,36084,123.68831060857997,8284.841354323653,0.016918220084850236,6.935272127438615,PASS,
LUNG1-144,SUCCESS,90038,23,90038,128.89228992203292,8719.69781012088,0.018808719160635902,6.990449370339762,PASS,
LUNG1-145,SUCCESS,13312,13,13312,124.6162109375,7798.159271460314,0.016601675360865847,6.832261852416887,PASS,
LUNG1-146,SUCCESS,3052,9,3052,115.16153342070773,7286.45064352018,0.022527822676920276,6.195612905629009,PASS,
LUNG1-147,SUCCESS,13607,25,13607,127.2750790034541,8536.607729792759,0.016564275250555836,6.908174523549589,PASS,
LUNG1-148,SUCCESS,40027,19,40027,131.85842056611787,8710.634438487727,0.016999544744177787,6.880278677338337,PASS,
LUNG1-149,SUCCESS,264046,37,264046,129.3694697136105,8204.035140252643,0.015733244170024877,6.820100329751494,PASS,
LUNG1-150,SUCCESS,2904,8,2904,133.06473829201104,7784.270602341978,0.01874871934977119,6.415228385450302,PASS,
LUNG1-151,SUCCESS,14532,15,14532,125.31179466006054,8144.727790971324,0.01596813895683124,6.804030100067209,PASS,
LUNG1-152,SUCCESS,2207,8,2207,123.24830086089716,7744.736715508939,0.02251209183450359,6.030972561890556,PASS,
LUNG1-153,SUCCESS,2105,8,2105,122.08503562945367,7527.366165616308,0.02271144938247922,6.1824278754267725,PASS,
LUNG1-154,SUCCESS,1703,9,1703,118.41397533763947,7462.814531642374,0.026372237311173094,5.782264781453154,PASS,
LUNG1-155,SUCCESS,21419,17,21419,125.48797796349035,7602.449771433101,0.015202421396729093,6.802641201213777,PASS,
LUNG1-156,SUCCESS,237,3,237,140.08438818565398,6428.195410279692,0.05036586017198099,5.1349995256017165,PASS,
LUNG1-157,SUCCESS,5385,10,5385,117.76973073351904,8091.706307541236,0.018427645140349107,6.639767368960119,PASS,
LUNG1-158,SUCCESS,485,6,485,168.22268041237112,7722.742166011267,0.08394090764161974,5.186741480690606,PASS,
LUNG1-159,SUCCESS,20398,14,20398,128.36327090891265,7740.804302508332,0.01679751684492618,6.612049072254113,PASS,
LUNG1-160,SUCCESS,1719,8,1719,119.41652123327515,6637.524008607897,0.023130254510973242,6.1024113629484384,PASS,
LUNG1-161,SUCCESS,298,3,298,109.4496644295302,6638.234043511553,0.024368271699473,5.748184626023,PASS,
LUNG1-162,SUCCESS,5596,11,5596,126.35757684060044,7658.935219575047,0.016621568249760754,6.61784435816052,PASS,
LUNG1-163,SUCCESS,47835,26,47835,126.90851886693844,8157.824096970036,0.019876561892788296,6.913993505103267,PASS,
LUNG1-164,SUCCESS,9989,13,9989,126.80168185003504,7453.820215411444,0.016562327079158383,6.518008406663284,PASS,
LUNG1-165,SUCCESS,3118,8,3118,122.95317511225146,7700.670033215647,0.016943971172784317,6.487950580326036,PASS,
LUNG1-166,SUCCESS,9327,16,9327,129.61584646724563,7923.320100556679,0.015454416990603913,6.830225460850762,PASS,
LUNG1-167,SUCCESS,358,3,358,122.04748603351956,8236.475398707906,0.02376642426890546,5.882447409803412,PASS,
LUNG1-168,SUCCESS,22232,14,22232,121.30806944944224,7981.595314516947,0.01659180944551364,6.676275942210568,PASS,
LUNG1-169,SUCCESS,6782,9,6782,120.52993217340017,8158.1836366512525,0.0252720242952336,5.991723772737237,PASS,
LUNG1-170,SUCCESS,13475,18,13475,128.61714285714285,8595.339208905381,0.0174933447151841,6.84997177945549,PASS,
LUNG1-171,SUCCESS,5867,11,5867,119.5997954661667,8022.128910815503,0.018946397429829783,6.556864877282181,PASS,
LUNG1-172,SUCCESS,66929,26,66929,129.9051382808648,8120.086281327155,0.02199045518751825,6.614608698139214,PASS,
LUNG1-173,SUCCESS,74498,33,74498,128.74356358559962,8214.69979111841,0.015425064205654343,6.91767933399799,PASS,
LUNG1-174,SUCCESS,3150,8,3150,126.23587301587301,7774.349760745779,0.02580599647266314,5.864306291536489,PASS,
LUNG1-175,SUCCESS,11619,14,11619,131.1996729494793,7815.750990511852,0.015507785151566216,6.731417516654353,PASS,
LUNG1-176,SUCCESS,1879,6,1879,123.89515699840342,7751.846911084984,0.0249696868075797,5.926179911095618,PASS,
LUNG1-177,SUCCESS,14983,17,14983,124.53574050590669,8391.96066281513,0.01796163663899065,6.986249673925583,PASS,
LUNG1-178,SUCCESS,610,7,610,112.00983606557375,6481.104821284602,0.03228701961838215,5.632312835445308,PASS,
LUNG1-179,SUCCESS,127814,47,127814,128.32713161312535,8445.705086868355,0.01763678325863584,6.97407588552846,PASS,
LUNG1-180,SUCCESS,4635,8,4635,133.95900755124055,7909.25053105388,0.018227477485340305,6.623717430455926,PASS,
LUNG1-181,SUCCESS,51452,31,51452,127.56697504470185,7968.383934618595,0.018620261163204508,6.685571889701121,PASS,
LUNG1-182,SUCCESS,2711,9,2711,126.41792696421986,8106.384909166189,0.02028254630471836,6.875868262096176,PASS,
LUNG1-183,SUCCESS,2708,14,2708,134.75,7839.12620014771,0.015664239007350617,6.677674745184196,PASS,
LUNG1-184,SUCCESS,10493,13,10493,133.09330029543503,7230.57940141149,0.020417590797144954,6.544665804311957,PASS,
LUNG1-185,SUCCESS,13678,16,13678,121.75054832577862,8490.27174081646,0.014923772320576697,6.926690476781942,PASS,
LUNG1-186,SUCCESS,58893,22,58893,130.3024807702104,8474.872185277698,0.019522380080196213,6.971007083691731,PASS,
LUNG1-187,SUCCESS,5926,12,5926,121.64984812689842,7863.1691587687,0.017049801642919894,6.745188518452665,PASS,
LUNG1-188,SUCCESS,859,6,859,122.37369033760186,7471.29807380865,0.022040139263648204,5.999170440010921,PASS,
LUNG1-189,SUCCESS,17681,16,17681,122.43894576098637,7971.2083220377235,0.017203491518832804,6.857933220884611,PASS,
LUNG1-190,SUCCESS,71827,36,71827,133.38427053893383,8457.213425993776,0.01843031702483884,6.82300322688598,PASS,
LUNG1-191,SUCCESS,35573,27,35573,135.10575436426504,8089.038263629203,0.017607090357067888,6.619709287821371,PASS,
LUNG1-192,SUCCESS,482,2,482,118.53941908713693,7936.103217919802,0.024388354195003528,5.859759678029212,PASS,
LUNG1-193,SUCCESS,53893,27,53893,122.19969198226116,7725.144210099399,0.015762258297252335,6.788351636584153,PASS,
LUNG1-194,SUCCESS,13708,17,13708,124.01991537788153,7384.283744025521,0.019293492629506546,6.358714555136956,PASS,
LUNG1-195,SUCCESS,685,6,685,109.85547445255474,6408.529477329639,0.04445841547232138,5.389631989734195,PASS,
LUNG1-196,SUCCESS,101384,33,101384,130.09961137852125,8311.81875862748,0.018514433716414768,6.902028242680487,PASS,
LUNG1-197,SUCCESS,16148,15,16148,136.11574188754025,7539.955578301473,0.016342929340312538,6.600308944437037,PASS,
LUNG1-198,SUCCESS,14238,18,14238,119.85335018963337,8346.933543699673,0.016448280422787134,6.855228013377931,PASS,
LUNG1-199,SUCCESS,43359,23,43359,128.5318157706589,8256.61887636118,0.01787001357260154,6.834348137190926,PASS,
LUNG1-200,SUCCESS,41209,31,41209,133.86947026135067,8507.472806438782,0.017543078772618084,6.96839046167654,PASS,
LUNG1-201,SUCCESS,59215,27,59215,124.63640969348984,8573.543154617932,0.01873228355826468,6.96576598968411,PASS,
LUNG1-202,SUCCESS,3587,11,3587,120.27962085308059,7714.436169580251,0.0214138672088884,6.164829416645992,PASS,
LUNG1-203,SUCCESS,9056,14,9056,122.23995141342756,7661.071950704354,0.016877805472661662,6.66472596253238,PASS,
LUNG1-204,SUCCESS,5823,11,5823,117.91739653099776,7876.298002358133,0.018418879293028358,6.4114359592444385,PASS,
LUNG1-205,SUCCESS,23512,28,23512,123.99200408302144,7571.993131029585,0.01823925474670923,6.661650231639317,PASS,
LUNG1-206,SUCCESS,2909,10,2909,120.26950842213819,7401.873738534563,0.020192309851209147,6.268510981621095,PASS,
LUNG1-207,SUCCESS,20611,18,20611,120.28868080151375,8322.171963962495,0.018024310023931664,6.7292666449702585,PASS,
LUNG1-208,SUCCESS,16433,22,16433,133.9497961419096,7859.730516753914,0.016699432438454384,6.600452440678899,PASS,
LUNG1-209,SUCCESS,13616,13,13616,127.14835487661574,8482.938331606143,0.015584082060781468,6.777863171168443,PASS,
LUNG1-210,SUCCESS,22139,22,22139,128.20199647680562,8512.604393683352,0.019438286921582622,6.978537087408633,PASS,
LUNG1-211,SUCCESS,18262,16,18262,129.53619537838136,8257.142020307463,0.016622504633004548,6.7727468608653965,PASS,
LUNG1-212,SUCCESS,2781,8,2781,123.7141316073355,8119.1527273023485,0.017419663740223156,6.581311073558535,PASS,
LUNG1-213,SUCCESS,5710,15,5710,123.96269702276709,7312.186174162145,0.018105514337153916,6.5486450991065785,PASS,
LUNG1-214,SUCCESS,22896,13,22896,125.36399371069182,8283.617333875573,0.01675684213758344,6.876955599304803,PASS,
LUNG1-215,SUCCESS,892,6,892,114.68385650224215,7137.996465844879,0.01874157936013191,6.353322719009512,PASS,
LUNG1-216,SUCCESS,2000,5,2000,118.013,8342.120831,0.019076,6.643193219977732,PASS,
LUNG1-217,SUCCESS,61853,26,61853,127.39275378720514,8598.63754114186,0.020719295158402255,6.964555655890953,PASS,
LUNG1-218,SUCCESS,45680,23,45680,129.89023642732047,8278.267505373175,0.02146055921647891,6.793115113477278,PASS,
LUNG1-219,SUCCESS,15330,20,15330,131.13561643835618,8155.018855409306,0.015244903490889068,6.9790659222772575,PASS,
LUNG1-220,SUCCESS,22053,20,22053,127.47521879109418,8145.518056820811,0.020075982264308782,6.770158888568896,PASS,
LUNG1-221,SUCCESS,67638,33,67638,130.84226322481447,8263.336173546611,0.020501916019985512,6.786077031272505,PASS,
LUNG1-222,SUCCESS,5520,12,5520,124.6643115942029,7974.776624888417,0.016851107960512497,6.644996755954724,PASS,
LUNG1-223,SUCCESS,3638,12,3638,116.66575041231447,8041.679371220828,0.01557168982588951,6.884091457786151,PASS,
LUNG1-224,SUCCESS,45881,28,45881,127.86913973104335,7947.629526709208,0.016793694020147236,6.884106332754634,PASS,
LUNG1-225,SUCCESS,21865,22,21865,123.91314886805397,7992.187883361557,0.02123245207413494,6.756314565931698,PASS,
LUNG1-226,SUCCESS,8712,13,8712,121.4761248852158,7750.540522724533,0.016136667197899354,6.640956395704734,PASS,
LUNG1-227,SUCCESS,12863,12,12863,122.89038326984374,8173.249276250522,0.01767484653347727,6.770565036601483,PASS,
LUNG1-228,SUCCESS,38531,22,38531,123.95102644623809,7831.4905553166045,0.01624022531645343,6.801126101650048,PASS,
LUNG1-229,SUCCESS,88958,29,88958,126.29273364958743,8508.768136907654,0.020949429488709,6.92509439312836,PASS,
LUNG1-230,SUCCESS,13803,19,13803,123.01405491559807,8579.116226425152,0.020161864189184822,6.925378870709061,PASS,
LUNG1-231,SUCCESS,1290,5,1290,129.1643410852713,7903.859813713119,0.03243795444985277,5.606564464202251,PASS,
LUNG1-232,SUCCESS,21792,28,21792,131.62050293685758,8171.617454078921,0.017551912683742274,6.899673229433352,PASS,
LUNG1-233,SUCCESS,55598,33,55598,128.3903917407101,8556.185466154679,0.024182522933715377,6.805046797690099,PASS,
LUNG1-234,SUCCESS,2762,7,2762,123.53511947863868,7872.683958512154,0.021170472760296585,6.287370569340616,PASS,
LUNG1-235,SUCCESS,24819,18,24819,122.11338087755348,8191.0984707768475,0.016508525309200984,6.5806616978550965,PASS,
LUNG1-236,SUCCESS,19581,21,19581,131.2252693938001,7646.218034661351,0.017011962120128975,6.6433137841980034,PASS,
LUNG1-237,SUCCESS,29843,24,29843,123.97731461314213,7843.326396206583,0.016465917864302543,6.516861524124168,PASS,
LUNG1-238,SUCCESS,20849,18,20849,135.8468032039906,7739.4741565271015,0.018018815144310918,6.508670627844454,PASS,
LUNG1-239,SUCCESS,41527,22,41527,123.8553952849953,7980.477921561547,0.016706088243581246,6.752864396293755,PASS,
LUNG1-240,SUCCESS,3582,8,3582,129.29089893914016,7811.434082441489,0.01788753308075211,6.4243457410976585,PASS,
LUNG1-241,SUCCESS,6301,20,6301,126.21837803523249,8477.171800003733,0.01693992290328787,7.018736172174073,PASS,
LUNG1-242,SUCCESS,13513,24,13513,126.67682971952934,8713.607468022288,0.017302172912156986,6.967152608416977,PASS,
LUNG1-243,SUCCESS,6585,13,6585,125.46484434320426,8017.149903031959,0.01963351742213413,6.370310448192732,PASS,
LUNG1-244,SUCCESS,6143,13,6143,126.68240273482013,8401.951386575882,0.017018691928326377,6.792660369864581,PASS,
LUNG1-245,SUCCESS,40581,31,40581,130.56514132229367,8045.621671445123,0.01656904786917074,6.689119339685027,PASS,
LUNG1-246,SUCCESS,3673,9,3673,119.33650966512388,8114.872876137737,0.020563669114261888,6.347178185670593,PASS,
LUNG1-247,SUCCESS,4588,9,4588,118.32628596338273,7393.2250544709705,0.02328930936167204,6.113745954057595,PASS,
LUNG1-248,SUCCESS,31387,23,31387,120.90773250071686,8206.425360605412,0.015891634797519587,6.769715260294639,PASS,
LUNG1-249,SUCCESS,16250,15,16250,119.35101538461538,7791.174757430533,0.017095414911242605,6.647842822303074,PASS,
LUNG1-250,SUCCESS,1096,8,1096,105.0985401459854,6186.092479620651,0.034137074431243,5.71550228529786,PASS,
LUNG1-251,SUCCESS,2782,10,2782,116.15959741193386,6675.00112823476,0.02703654643360496,5.875506269372753,PASS,
LUNG1-252,SUCCESS,1675,8,1675,119.89074626865673,7298.022093472934,0.023163109824014257,6.03183547748028,PASS,
LUNG1-253,SUCCESS,1136,8,1136,122.42869718309858,7978.311817316752,0.019502578853402102,6.384721120558092,PASS,
LUNG1-254,SUCCESS,3191,7,3191,121.23910999686618,8135.652321865367,0.023450178792378793,6.067433260789002,PASS,
LUNG1-255,SUCCESS,1686,10,1686,137.6370106761566,7152.49694574959,0.0232308776906743,5.946182451340756,PASS,
LUNG1-256,SUCCESS,24574,27,24574,121.44152356148774,8271.82833357849,0.01595471360343565,6.739171751906646,PASS,
LUNG1-257,SUCCESS,63858,27,63858,124.8143067430862,7822.181152703804,0.016095204564075143,6.69378107681862,PASS,
LUNG1-258,SUCCESS,20832,25,20832,128.6207277265745,8239.767586874408,0.01816738391072697,6.921990399419572,PASS,
LUNG1-259,SUCCESS,17645,16,17645,125.35398129781808,8111.47991118242,0.01787543296883267,6.613838945549409,PASS,
LUNG1-260,SUCCESS,4767,14,4767,127.50052443885043,7536.419498361423,0.023236414569450334,6.124010662407618,PASS,
LUNG1-261,SUCCESS,3837,9,3837,122.74042220484755,7494.890138263234,0.017812720049062092,6.481848472709966,PASS,
LUNG1-262,SUCCESS,58262,23,58262,135.42772304417974,8103.683106342711,0.01613394283913813,6.750584884905928,PASS,
LUNG1-263,SUCCESS,63983,28,63983,125.13978713095666,7787.556878294245,0.018091458199367774,6.661452493190472,PASS,
LUNG1-264,SUCCESS,18332,13,18332,124.32244163211868,7608.016094671206,0.01760172842276971,6.552378695047339,PASS,
LUNG1-265,SUCCESS,8764,17,8764,129.4484253765404,7366.015254252647,0.019268772233449107,6.379028861858302,PASS,
LUNG1-266,SUCCESS,3822,9,3822,128.10125588697016,7270.831976444725,0.021252924145949488,6.132411631356161,PASS,
LUNG1-267,SUCCESS,23346,19,23346,133.80262143407865,8277.031888956062,0.018394875245203196,6.535423637894615,PASS,
LUNG1-268,SUCCESS,12033,16,12033,119.56918474195962,7855.51422369337,0.016023534106658917,6.648728203143928,PASS,
LUNG1-269,SUCCESS,9354,13,9354,135.21060508873208,7934.9605631788745,0.016928427838860796,6.604448346814024,PASS,
LUNG1-270,SUCCESS,371,8,371,121.24797843665769,7722.288911007621,0.031335139965562586,5.443993726871831,PASS,
LUNG1-271,SUCCESS,6153,13,6153,127.78205753291078,7787.015559751606,0.017514351584304973,6.485329031619495,PASS,
LUNG1-272,SUCCESS,1921,5,1921,125.59500260281104,7997.146752745959,0.015934189664035495,6.6836482107923505,PASS,
LUNG1-273,SUCCESS,111105,32,111105,127.58307906934881,7772.700845044331,0.018158983110211198,6.424674239382277,PASS,
LUNG1-274,SUCCESS,12298,15,12298,122.08342819970727,7563.556545996675,0.017112220588301027,6.557278029965241,PASS,
LUNG1-275,SUCCESS,30616,20,30616,128.25761039979096,7575.51075342229,0.016808881669438655,6.597595541362168,PASS,
LUNG1-276,SUCCESS,101676,36,101676,132.68057358668713,8402.810512499986,0.017450264206464353,6.669195843348173,PASS,
LUNG1-277,SUCCESS,8517,13,8517,140.9576141833979,7515.162815395117,0.019571090640273577,6.361254000776887,PASS,
LUNG1-278,SUCCESS,9729,14,9729,127.54229622777265,8013.973568208683,0.019952565697004085,6.3188436202064775,PASS,
LUNG1-279,SUCCESS,11425,15,11425,132.2984682713348,7890.506802905449,0.015174209117592137,6.728938041237232,PASS,
LUNG1-280,SUCCESS,25760,19,25760,126.87663043478261,7369.1372644224275,0.018806599258323366,6.48442905683385,PASS,
LUNG1-281,SUCCESS,1103,6,1103,114.81686310063462,8306.162290431846,0.02017164101202605,6.316422811027092,PASS,
LUNG1-282,SUCCESS,175,3,175,112.5657142857143,6346.519967346938,0.0441795918367347,4.751828681370625,PASS,
LUNG1-283,SUCCESS,104990,36,104990,131.11622059243737,8072.320143597782,0.01591496706025667,6.755494262598016,PASS,
LUNG1-284,SUCCESS,11162,24,11162,123.37134922056978,7885.141709145381,0.02526698639421559,5.9524523168412955,PASS,
LUNG1-285,SUCCESS,32681,16,32681,130.5020654202748,8456.869560618836,0.016918957803049035,6.871438890813926,PASS,
LUNG1-286,SUCCESS,20185,15,20185,130.75922714887295,8226.189538961778,0.015681340957549653,6.843266524316125,PASS,
LUNG1-287,SUCCESS,1980,8,1980,118.32323232323233,7666.370268339965,0.022953270074482196,6.070353772330739,PASS,
LUNG1-288,SUCCESS,260,5,260,114.03846153846155,5523.913905325444,0.03955621301775149,5.080265686330379,PASS,
LUNG1-289,SUCCESS,66699,38,66699,123.74074573831692,8094.162955596141,0.01874418955203254,6.646238208511661,PASS,
LUNG1-290,SUCCESS,43017,23,43017,130.98210009996046,8162.714652743728,0.016130168756981353,6.7708560459803895,PASS,
LUNG1-291,SUCCESS,18365,17,18365,133.74130138851075,8091.710858856348,0.019264668874915878,6.793811260015299,PASS,
LUNG1-292,SUCCESS,40970,22,40970,125.27019770563827,8212.34896049301,0.01549933397512089,6.972010445497842,PASS,
LUNG1-293,SUCCESS,9627,16,9627,118.58190505868909,6837.208285848263,0.026359731973743517,6.009795560448156,PASS,
LUNG1-294,SUCCESS,14533,17,14533,126.08208903873941,7676.59361919609,0.018938199852752798,6.327198293742871,PASS,
LUNG1-295,SUCCESS,1217,8,1217,165.7124075595727,6101.1695502430985,0.046948562848012514,5.577946294516417,PASS,
LUNG1-296,SUCCESS,1734,6,1734,118.97001153402539,7497.132895386256,0.018145137151135644,6.466038183458817,PASS,
LUNG1-297,SUCCESS,15683,14,15683,124.20123700822546,7522.426888733154,0.02098201605081458,6.163583726657677,PASS,
LUNG1-298,SUCCESS,8114,10,8114,133.58245008627063,7698.051434667523,0.022076067990708444,6.120563861325094,PASS,
LUNG1-299,SUCCESS,14622,15,14622,130.97380659280535,8510.18554013986,0.020215676791338323,6.925058801664254,PASS,
LUNG1-300,SUCCESS,21385,26,21385,135.44072948328267,7646.032598766428,0.02038833899523685,6.308839011014131,PASS,
LUNG1-301,SUCCESS,45040,25,45040,123.92273534635879,8604.363124311842,0.0192896397202881,7.0353834473842465,PASS,
LUNG1-302,SUCCESS,14678,12,14678,126.39555797792615,7821.752785827781,0.015272575825430092,6.693216269994749,PASS,
LUNG1-303,SUCCESS,53609,19,53609,133.07088362028765,7771.428316928928,0.016709204655095504,6.561110940839496,PASS,
LUNG1-304,SUCCESS,33497,17,33497,133.0019106188614,7716.9062267582285,0.017461175797892442,6.534412828167472,PASS,
LUNG1-305,SUCCESS,1285,8,1285,121.47859922178989,7772.182615936653,0.026075792214870778,5.850274176351801,PASS,
LUNG1-306,SUCCESS,5416,12,5416,116.53508124076811,7076.158296632986,0.024937190315253887,6.091076715482924,PASS,
LUNG1-307,SUCCESS,580,5,580,122.51379310344828,6459.339464922711,0.03466111771700357,5.696276263098679,PASS,
LUNG1-308,SUCCESS,115453,31,115453,132.9954007258365,8063.29090242597,0.01642407007725177,6.756280846457402,PASS,
LUNG1-309,SUCCESS,10654,12,10654,122.39393654965271,8299.63766175156,0.01603311267403178,6.626420693778436,PASS,
LUNG1-310,SUCCESS,87790,27,87790,129.62303223601776,7657.913004087239,0.019701649810724135,6.4251638611195165,PASS,
LUNG1-311,SUCCESS,413,4,413,130.4406779661017,7232.963187918085,0.025004543615780125,5.695401462669386,PASS,
LUNG1-312,SUCCESS,31927,18,31927,129.64663137783066,7886.231506098433,0.016673828390045706,6.598329972603825,PASS,
LUNG1-313,SUCCESS,3451,12,3451,141.30541871921181,7616.851373129513,0.022083310487236094,6.194673374265211,PASS,
LUNG1-314,SUCCESS,28080,19,28080,130.76438746438745,8586.709159097736,0.01684984293958653,6.799914439517326,PASS,
LUNG1-315,SUCCESS,3968,10,3968,122.1101310483871,7468.781973974763,0.026783318971123828,5.8307603047907,PASS,
LUNG1-316,SUCCESS,39560,17,39560,125.33319009100101,7886.797452512905,0.015520543981777305,6.7522331314714155,PASS,
LUNG1-317,SUCCESS,4970,11,4970,129.6702213279678,7721.329676610974,0.01883639867373254,6.345260839213594,PASS,
LUNG1-318,SUCCESS,5054,13,5054,123.51009101701621,8049.198058044743,0.01995543500201778,6.238254186090851,PASS,
LUNG1-319,SUCCESS,13784,24,13784,132.5194428322693,8168.825071773138,0.015804501269735295,6.826533333411239,PASS,
LUNG1-320,SUCCESS,51184,26,51184,128.23794545170364,7366.24650403141,0.01739456130838011,6.556957372697136,PASS,
LUNG1-321,SUCCESS,1635,7,1635,119.56758409785934,7173.2020073132635,0.02705832842353337,5.825906310942149,PASS,
LUNG1-322,SUCCESS,8571,13,8571,122.58721269396804,7642.046617490521,0.019330786085837173,6.311847448512188,PASS,
LUNG1-323,SUCCESS,8723,16,8723,129.09320188008712,8587.092883970136,0.01569779939945115,6.809142687053521,PASS,
LUNG1-324,SUCCESS,18370,22,18370,118.93358737071311,7586.486933946232,0.01744894236864026,6.503917159868064,PASS,
LUNG1-325,SUCCESS,541,6,541,113.49907578558228,6771.155729275219,0.033869639641794305,5.461185543211582,PASS,
LUNG1-326,SUCCESS,515,10,515,103.9009708737864,7531.35524177585,0.038544631916297485,5.087554238904435,PASS,
LUNG1-327,SUCCESS,44838,26,44838,133.53608546322315,8208.0755411419,0.015729730697539607,6.761942313001105,PASS,
LUNG1-328,SUCCESS,1013,7,1013,120.50345508390919,7196.080195367429,0.024375127293847308,5.945169021772518,PASS,
LUNG1-329,SUCCESS,3550,10,3550,127.1025352112676,7804.343852727634,0.024921245784566556,6.005884608594815,PASS,
LUNG1-330,SUCCESS,9808,16,9808,120.01131729200652,8024.663106013519,0.0163023193770641,6.627229144320912,PASS,
LUNG1-331,SUCCESS,38371,26,38371,126.07002684318886,8133.475250524416,0.016966342617175858,6.815804364149436,PASS,
LUNG1-332,SUCCESS,2882,7,2882,126.67800138792505,7508.420952563494,0.02533709675166785,5.944001915874168,PASS,
LUNG1-333,SUCCESS,2850,10,2850,136.5519298245614,7119.359583995076,0.018769590643274853,6.3165672357135225,PASS,
LUNG1-334,SUCCESS,3008,9,3008,118.19281914893617,7204.975453754527,0.02354757879696695,6.0655206158954105,PASS,
LUNG1-335,SUCCESS,52499,24,52499,126.80864397417092,8149.729854613697,0.015906540832972667,6.710235881910185,PASS,
LUNG1-336,SUCCESS,17973,17,17973,130.80092360763368,8238.524993304853,0.01540689280302372,6.783187870163637,PASS,
LUNG1-337,SUCCESS,10588,22,10588,116.24442765394787,8001.2989630932725,0.016627890181969626,6.58307416675034,PASS,
LUNG1-338,SUCCESS,6620,9,6620,127.62764350453172,7500.567241878953,0.017074050072562318,6.513814894031979,PASS,
LUNG1-339,SUCCESS,10705,12,10705,126.94058851004203,8046.658030293544,0.017612071517563395,6.675053979551873,PASS,
LUNG1-340,SUCCESS,41490,28,41490,125.07486141238853,7445.771209458981,0.019418619545571704,6.540129084736975,PASS,
LUNG1-341,SUCCESS,6545,16,6545,128.07532467532468,8010.212049646305,0.01991205038164999,6.275379922475629,PASS,
LUNG1-342,SUCCESS,13712,13,13712,127.25517794632438,7910.285015487588,0.017496353984415527,6.430077300614181,PASS,
LUNG1-343,SUCCESS,35468,26,35468,131.56036427201985,7957.691320629683,0.016990556751922434,6.7317109571576355,PASS,
LUNG1-344,SUCCESS,62082,27,62082,124.12915176701782,8263.205348750556,0.01643674367057574,6.744051367985149,PASS,
LUNG1-345,SUCCESS,20420,19,20420,121.32624877571007,7890.152621481695,0.018594946860301925,6.560667528771516,PASS,
LUNG1-346,SUCCESS,1508,8,1508,123.19628647214853,8589.01452201873,0.03529100324353229,5.525906190748974,PASS,
LUNG1-347,SUCCESS,1064,7,1064,115.18233082706766,7665.523146446944,0.029569930465260894,5.611790388605705,PASS,
LUNG1-348,SUCCESS,90886,37,90886,130.57807583126115,8024.524145345833,0.01596143950149853,6.670995800568576,PASS,
LUNG1-349,SUCCESS,174107,39,174107,130.14931048148554,8118.633797174859,0.016986290626443135,6.750784743713483,PASS,
LUNG1-350,SUCCESS,6046,16,6046,119.47750578895139,8640.00834283614,0.01923766943235613,6.541453509401394,PASS,
LUNG1-351,SUCCESS,32748,23,32748,125.70715768901917,7567.187359296375,0.017244150261367185,6.579241214571793,PASS,
LUNG1-352,SUCCESS,32924,22,32924,126.03553638683029,7681.221188872172,0.0169546340813458,6.549837966355261,PASS,
LUNG1-353,SUCCESS,56669,36,56669,134.48359773421095,8197.633485752245,0.017761830691094306,6.574348565623817,PASS,
LUNG1-354,SUCCESS,4433,13,4433,118.34198060004512,7193.502268759379,0.021483308465836865,6.1964336319887074,PASS,
LUNG1-355,SUCCESS,5392,13,5392,121.66450296735904,7477.467004055628,0.02220841514850003,6.190219529258497,PASS,
LUNG1-356,SUCCESS,5351,10,5351,132.07867688282565,7591.259554668722,0.02301380834088372,6.111223279655089,PASS,
LUNG1-357,SUCCESS,51945,36,51945,129.42883819424392,8430.642356345847,0.015904961266989405,6.672169642841364,PASS,
LUNG1-358,SUCCESS,16375,14,16375,126.82106870229006,7826.68822786551,0.019560948662665348,6.323322825316078,PASS,
LUNG1-359,SUCCESS,1270,6,1270,113.65039370078742,7869.68092504185,0.026022692045384092,5.812410559936854,PASS,
LUNG1-360,SUCCESS,36370,22,36370,121.65144349738796,7654.808588100533,0.018474537920944945,6.356976178085038,PASS,
LUNG1-361,SUCCESS,38918,25,38918,126.42972403515083,8100.825409713658,0.01501388418797436,6.7350315704172505,PASS,
LUNG1-362,SUCCESS,5180,12,5180,131.4611969111969,7399.551969223774,0.01904488603330302,6.34004091732943,PASS,
LUNG1-363,SUCCESS,8899,23,8899,129.61714799415665,8018.120757749871,0.019758902773771878,6.333821783914796,PASS,
LUNG1-364,SUCCESS,33425,24,33425,131.73148840688106,7730.882905264076,0.021654271247711278,6.377157508795754,PASS,
LUNG1-365,SUCCESS,3224,9,3224,121.09739454094293,7478.54882695848,0.018369517699142288,6.413122735892941,PASS,
LUNG1-366,SUCCESS,1899,13,1899,118.84886782517114,7465.634347059413,0.0252584367870787,5.948512465698124,PASS,
LUNG1-367,SUCCESS,174457,39,174457,128.6825177550915,8374.719217978649,0.016918318139205583,6.816533653268946,PASS,
LUNG1-368,SUCCESS,58579,27,58579,129.12265487632087,7556.381497204009,0.01749527328541816,6.524002699559178,PASS,
LUNG1-369,SUCCESS,1026,8,1026,113.96296296296295,7774.037614612664,0.0317134616919166,5.567683952489761,PASS,
LUNG1-370,SUCCESS,8911,13,8911,131.21501514981483,8010.35551913062,0.018413450553643223,6.429429796523579,PASS,
LUNG1-371,SUCCESS,1530,8,1530,151.18235294117648,7019.580472895041,0.020209321201247382,6.353818677775221,PASS,
LUNG1-372,SUCCESS,1559,17,1559,110.8845413726748,7783.903282518975,0.02971387145178259,5.61196678733617,PASS,
LUNG1-373,SUCCESS,14310,15,14310,126.84696016771488,7972.712148341529,0.0188370322513223,6.487315293002345,PASS,
LUNG1-374,SUCCESS,13787,12,13787,126.28439834626822,7374.694413148929,0.01809249911284046,6.404325592378401,PASS,
LUNG1-375,SUCCESS,140098,35,140098,131.4219617696184,8026.0636076748215,0.016195441507347866,6.719025900857215,PASS,
LUNG1-376,SUCCESS,40805,22,40805,125.15971081975249,8262.71437727209,0.016154863160778802,6.727776464009722,PASS,
LUNG1-377,SUCCESS,158588,42,158588,130.09291371352185,8129.671677027463,0.01587620290771611,6.791372074710006,PASS,
LUNG1-378,SUCCESS,5523,13,5523,114.8471845011769,7783.906757870539,0.016274739883375463,6.573184651835891,PASS,
LUNG1-379,SUCCESS,3670,9,3670,122.17111716621253,7763.266086762839,0.025898922703413048,5.877116220657896,PASS,
LUNG1-380,SUCCESS,6195,10,6195,132.3239709443099,7871.439352754604,0.016179753908649546,6.53734900833466,PASS,
LUNG1-381,SUCCESS,20507,25,20507,131.0940654410689,8275.722024077837,0.016804581229655224,6.803297137651158,PASS,
LUNG1-382,SUCCESS,14928,21,14928,126.21094587352624,7677.392331956341,0.01946556762922909,6.270226208678943,PASS,
LUNG1-383,SUCCESS,1212,12,1212,117.57920792079207,7382.608412573931,0.027806369745885476,5.8618299221590355,PASS,
LUNG1-384,SUCCESS,9791,16,9791,134.7686651006026,7982.252377331514,0.018895925767757657,6.392597604620416,PASS,
LUNG1-385,SUCCESS,892,7,892,122.28251121076234,7133.763236743149,0.02727281867723059,5.813833609664064,PASS,
LUNG1-386,SUCCESS,303,3,303,114.62046204620461,7471.139779324468,0.03475694104063872,5.413154896088399,PASS,
LUNG1-387,SUCCESS,74014,32,74014,129.90908476774663,7969.548372353909,0.016184299663800927,6.622092921777881,PASS,
LUNG1-388,SUCCESS,1371,9,1371,119.12107950401167,6903.00940977559,0.023765708451773504,5.9192605245173615,PASS,
LUNG1-389,SUCCESS,7271,12,7271,132.25924907165452,7429.953282285784,0.018881053841815418,6.301871461727936,PASS,
LUNG1-390,SUCCESS,17412,14,17412,125.68349414197107,7232.255613152792,0.019963965428807993,6.300449474627374,PASS,
LUNG1-391,SUCCESS,3937,8,3937,124.48209296418594,7906.571243981198,0.016794936815680082,6.627930938020835,PASS,
LUNG1-392,SUCCESS,12642,18,12642,123.91931656383485,7862.583586686846,0.01827855714126285,6.575570762492028,PASS,
LUNG1-393,SUCCESS,58607,30,58607,132.159042435204,7969.156560913569,0.015729982688043417,6.760556357352004,PASS,
LUNG1-394,SUCCESS,14654,12,14654,126.64207724853283,7898.4653811361095,0.01699164024227358,6.829559535353049,PASS,
LUNG1-395,SUCCESS,1408,10,1408,137.44105113636365,7076.962434122384,0.030046447249483473,5.7194944436003805,PASS,
LUNG1-396,SUCCESS,158739,39,158739,130.16297192246392,8325.013361028898,0.016970498016180197,6.803009537955154,PASS,
LUNG1-397,SUCCESS,24968,25,24968,127.26253604613905,7570.0544727738525,0.017888745078480976,6.378179443685392,PASS,
LUNG1-398,SUCCESS,7735,17,7735,127.57142857142856,8643.308892787885,0.018335966478481402,6.641909461892821,PASS,
LUNG1-399,SUCCESS,861,8,861,120.64924506387922,6868.706239267469,0.024662730450101915,5.857304585490407,PASS,
LUNG1-400,SUCCESS,84349,29,84349,130.46478322208918,8146.202736707741,0.015454201800285177,6.7808064158655705,PASS,
LUNG1-401,SUCCESS,38894,30,38894,124.98043400010283,7854.988021552786,0.015845784948530423,6.632558008644816,PASS,
LUNG1-402,SUCCESS,28864,25,28864,128.68760393569846,7976.217645672401,0.017193789050785148,6.458559644317379,PASS,
LUNG1-403,SUCCESS,5628,13,5628,135.04282160625445,7592.842693673221,0.023871277180954803,6.177093630803773,PASS,
LUNG1-404,SUCCESS,1845,8,1845,99.32466124661246,7145.933077459772,0.032548233341412006,5.820783351576172,PASS,
LUNG1-405,SUCCESS,12766,16,12766,120.32539558201474,7898.12222362152,0.017685271092440658,6.504282471526298,PASS,
LUNG1-406,SUCCESS,9054,18,9054,120.83377512701568,7662.950831849586,0.020603644168418547,6.258108776064766,PASS,
LUNG1-407,SUCCESS,22521,22,22521,130.95684028240308,8013.436528073997,0.015416079025836513,6.687963296326632,PASS,
LUNG1-408,SUCCESS,10197,17,10197,124.18505442777285,7580.873570883083,0.016435243069575844,6.719902638537696,PASS,
LUNG1-409,SUCCESS,22234,17,22234,133.17239363137537,8493.686525825806,0.01793460997559393,7.015636888859147,PASS,
LUNG1-410,SUCCESS,42655,20,42655,129.70366897198454,7837.014239263999,0.017557387187585538,6.578828635084371,PASS,
LUNG1-411,SUCCESS,3897,11,3897,119.71208622016937,8069.472661210941,0.018439073528527666,6.45768150534362,PASS,
LUNG1-412,SUCCESS,16687,20,16687,129.14730029364176,7979.391618378271,0.015729592781686785,6.678281299142114,PASS,
LUNG1-413,SUCCESS,1707,12,1707,129.29056824838898,7268.037421293965,0.020995254043706453,6.207633909348319,PASS,
LUNG1-414,SUCCESS,4114,10,4114,116.62785610111813,7375.574440372097,0.020192973753140026,6.241457942671604,PASS,
LUNG1-415,SUCCESS,431,6,431,105.25986078886311,6676.730616221919,0.035233445125726064,5.455849323096115,PASS,
LUNG1-416,SUCCESS,20351,23,20351,122.51623998820696,8432.891965145884,0.0164911778340249,6.603779115881339,PASS,
LUNG1-417,SUCCESS,54769,32,54769,130.77204257883108,8048.673244930467,0.015102252350725369,6.791340182357732,PASS,
LUNG1-418,SUCCESS,33129,27,33129,129.1912221920372,7997.462936020207,0.016589737288254896,6.6289711288467235,PASS,
LUNG1-419,SUCCESS,46314,23,46314,124.26054756661054,8062.79723134503,0.0153865269188843,6.67151582871904,PASS,
LUNG1-420,SUCCESS,6634,11,6634,121.45673801627977,7726.206524541856,0.01915289349528093,6.37283605608539,PASS,
LUNG1-421,SUCCESS,14763,15,14763,130.55842308473888,7561.843552129609,0.018375615494301258,6.437261233620595,PASS,
LUNG1-422,SUCCESS,10591,16,10591,119.59267302426589,7855.3340375249445,0.017125481975764828,6.787311055606329,PASS,
